"","GENE","EVENT","COORD","LENGTH","FullCO","COMPLEX","SRR28382677","SRR28382678","SRR28382679","SRR28382680","SRR28382681","SRR28382682","SRR28382683","SRR28382684","SRR28382685","SRR28382686","SRR28382687","SRR28382688","FDR","invertedFDR","betasPsiA","betasPsiB","deltapsi","Shared","Significant","negLogpvalue","plot_y","is_capped","plot_y_jitter","sequence","splice_score_3","splice_score_5","GC_percent","ENTREZID","GroupA","GroupB","GroupC","splicing_factor","HPA_speckle_protein","transcription_factor","intron_speckle_go","rbfox","speckle_molecularcell"
"1","Ep400","MmuEX0016967","chr5:110700522-110700761",240,"chr5:110701621,110700522-110700761+110700764,110698916","S",94.15,82.79,95.96,57.96,43.77,86.19,55.7,32.78,43.88,47.11,87.3,100,0,1,0.960733525518145,0.419317611145684,-0.541415914372461,"Not Shared","Underrepresented",Inf,2,TRUE,1.9245978190098,"CAGCAGCAGCCCCGTTTCAGAACTCTCAGGCTTCCGTCGGTGCGCCTCGACACCAACCCACCTCGACCTCCAGCACAGCAGCAGGCCCAGCCCATCCTTCGAAACTGCGGGCTCAGACCGCTGTCCAGGCCTCCACCCCAGGCCCACCCCTGCCCCCGCCCCAGGCCCCCTCGCTGGTGGCCGGGCAGAGTGCACCGCCCCAGCGGCTGGTGCTTACCTCGCAGGCCCAGGCCCGCTTGCCCA",2.82,9.09,71.1934156378601,"75560",FALSE,FALSE,TRUE,FALSE,FALSE,FALSE,TRUE,TRUE,FALSE
"2","Mef2d","MmuEX0028567","chr3:88158221-88158300",80,"chr3:88156459+88156525,88158221-88158300+88158355+88158469,88159122","C3",28.99,31.54,10.53,73.09,66.93,8.7,71.22,63.61,66.18,64.83,30.44,15.05,0,1,0.108718644716786,0.648294556456507,0.539575911739722,"Shared","Overrepresented",Inf,2,TRUE,1.93491455209441,"GCGCTGCACAAGAAGCACAGGGAGTGTGAGAGCCCCGAGGTGGACGAGGCGTTTGCCCTGACCCCCCAGACGGAAGAGAAGTATAAAAAGATAGACGAGGAGTTTGATAAGATGATGCAGAGTTATAGACTGGCC",9.96,8.56,53.3333333333333,"17261",FALSE,TRUE,FALSE,FALSE,FALSE,TRUE,TRUE,TRUE,FALSE
"3","Mef2d","MmuEX0028570","chr3:88161781-88161801",21,"chr3:88161381,88161781-88161801,88162958","S",66.09,71.95,43.07,89.53,88.72,38.73,84.73,89.06,90.97,94.09,71.91,27.17,0,1,0.376001121379084,0.913507601206781,0.537506479827698,"Shared","Overrepresented",Inf,2,TRUE,1.93521065206733,"ACTGAGGACCATTTAGATCTG",6.86,10.65,42.8571428571429,"17261",FALSE,TRUE,FALSE,FALSE,FALSE,TRUE,TRUE,TRUE,FALSE
"4","Mef2d","MmuEX0028566","chr3:88158034-88158171",138,"chr3:88156459+88156525,88158034-88158171,88159122","C3",72.31,65.45,90.29,28.44,31.62,86.73,27.77,34.91,30.59,36.64,63.23,81.72,0,1,0.86732595042597,0.342063958831123,-0.525261991594847,"Shared","Underrepresented",Inf,2,TRUE,1.92097666945774,"ACCCTGAGGAAGAAGGGTTTCAACGGCTGTGACAGCCCAGAGCCGGATGGGGAGGACTCACTGGAGCAGAGCCCCCTGCTGGAGGACAAGTACCGGCGGGCCAGTGAGGAGCTGGATGGGCTCTTCAGGCGCTATGGG",4.08,5.97,63.768115942029,"17261",FALSE,TRUE,FALSE,FALSE,FALSE,TRUE,TRUE,TRUE,FALSE
"5","Pdlim7","MmuEX0034296","chr13:55506819-55507123",305,"chr13:55507330,55506819-55507123,55506367+55506376","S",69.2,68.26,42.26,93.69,94.24,41.31,91.49,89.61,94.52,92.92,67.91,46.37,0,1,0.432572423004981,0.929100102603745,0.496527679598763,"Shared","Overrepresented",Inf,2,TRUE,1.94900924183894,"GGAAAAGTATGTCCTGGAGCTACAGAGCCCACGCTATACACGTCTCCGGGACTGGCACCACCAGCGCTCTGCCCACGTGCTCAACGTGCAGTCATAGCCTGGCCTTCCCAGCCTGCTGCCCTCTGCTTCCTTTCTCTGTTACTCACTCCAGGGCACCCCACGGGTGCCTCCAGCTCTTGCCTACCACTTTCATGTCCCTGGCCTGAACCTCCTACCGGCCCGGTCCTGGCAGCCCTCCTGGCACAGGGCCTGGCTTCATCTGACACTGCCTTCCTTCTTGGCCCTGTGGTACTACTGTCTGCCAG",10.93,5.61,61.3114754098361,"67399",TRUE,FALSE,FALSE,FALSE,FALSE,FALSE,FALSE,FALSE,TRUE
"6","Pdlim7","MmuEX0034298","chr13:55507864-55507880",17,"chr13:55508208,55507864-55507880,55507624","C2",16.81,15.04,9.8,74.7,71.64,9.67,73.33,49.87,47.51,47.72,17.56,8.19,0,1,0.0916536451056474,0.484336025414585,0.392682380308937,"Not Shared","Overrepresented",Inf,2,TRUE,1.93624041492585,"GTGCAGACCTCTGACAA",13.63,4.22,52.9411764705882,"67399",TRUE,FALSE,FALSE,FALSE,FALSE,FALSE,FALSE,FALSE,TRUE
"7","Sec24c","MmuEX0041501","chr14:20685212-20685280",69,"chr14:20684021,20685212-20685280,20686509","S",11.52,13.04,1.61,39.44,35.66,4.59,40.3,35.77,40.86,48.54,12.35,3.61,0,1,0.0302769989657483,0.41275872655385,0.382481727588102,"Not Shared","Overrepresented",Inf,2,TRUE,1.91738141772803,"CAACTTAATGAGCTGCCTCCTCAGCAGAAAACCAGGCACAGAATAGATCCTGATGCCATTCCTAGTCCA",-1.59,9.09,47.8260869565217,"218811",TRUE,FALSE,FALSE,FALSE,FALSE,FALSE,FALSE,TRUE,FALSE
"8","Tnk2","MmuEX0048311","chr16:32678669-32678713",45,"chr16:32677985,32678669-32678713+32678785,32679459","S",4.76,12.5,6.98,29.63,35.8,4.23,31.91,47.17,48.15,25,11.43,16,0.001,0.999,0.0713997034239155,0.428780279813049,0.357380576389133,"Not Shared","Overrepresented",3,2,TRUE,1.91490252416115,"GGGAGCCTCCACCTCGCCCACCTCAGCCTGCCATCTTCACTCAGA",7.36,9.35,64.4444444444444,"51789",TRUE,FALSE,FALSE,FALSE,FALSE,FALSE,FALSE,TRUE,FALSE
"9","Depdc5","MmuEX0014329","chr5:32959281-32959346",66,"chr5:32955958,32959281-32959346,32964632","S",16.98,36.36,29.41,50,64,28,50,60,45.21,66.67,38.78,17.39,0.001,0.999,0.249603188862134,0.58259660837454,0.332993419512406,"Not Shared","Overrepresented",3,2,TRUE,1.9197011631215,"GACGGGGCCTTCTTTATGGAGTTTGTCCGCAGCCCACGCACAGCATCATCTGCCTTCTACCCTCAG",8.59,8.02,57.5757575757576,"277854",FALSE,FALSE,FALSE,FALSE,FALSE,FALSE,FALSE,TRUE,FALSE
"10","Pikfyve","MmuEX0035199","chr1:65264347-65264430",84,"chr1:65262975,65264347-65264430,65265249","S",44.53,35.76,60.36,49.19,59.04,62.92,60.57,33.92,13.49,37.43,43.51,60.59,0.006,0.994,0.620860131483586,0.288860286890555,-0.331999844593031,"Not Shared","Underrepresented",2.22184874961636,2,TRUE,1.90133983867709,"TTGTAAAGAATACCGCAATGCCTTAGAGGAATTGTCCAAAGCAACTCTGCGGAACAGTGCTGAAGAAGGGCTCCCAGCCAATAG",4.24,4.02,47.6190476190476,"18711",FALSE,FALSE,FALSE,FALSE,FALSE,FALSE,FALSE,FALSE,FALSE
"11","Mapk8ip3","MmuINT1022776","chr17:24914706-24917994",3289,"chr17:24917995-24918139=24914459-24914705:-","IR",38.1,11.11,26.82,12.68,10.2,44.44,9.8,19.54,9.66,9.89,55.56,50,0.004,0.996,0.410980375033966,0.118112340565523,-0.292868034468444,"Not Shared","Underrepresented",2.39794000867204,2,TRUE,1.90304751726799,"GTTTTGTAGCCGTGTGTGTAGTGAAGGTCCCCAAACTACTGGTGTCCCATGTCCACACAGGGGACTCCGTCCAGTCTTTGCTATTTTCCCTGAGTTAGTCTACCATCCCCTGACATGAGACAGAAACAGAGCTGGGATGTCAGAATGCACGAGCTTCCTGCTCTGTTTGACTTCACACTAGCACCTGTGAGTTTAGGATAGCCCCCTTAGTTTCCCAGGCCACTCTGCAGCCAAGGAATTTGTCTGTTAAGGCTGAACAACCAGAACTTATTCTCAAATAAATGCCTATCTCTGACTAGATGCCAGCTAGAATGCATTGAGTATCTAGAGTCTGAGACTTCTGTTTGGCAGAGGCATAGATAATGTGATGGCTCTTACCTTGGGCTCTTCTATTTGTCTTTGGCCGTAGCTCCTCGGCCACAAGCTGAGAAGGGAGATACCACCACCCACAGATATGCTTCCCAGACATGGAACCCAGAAAAGGCCAGGTCATTTGTTCAGGACTCCAGGTCACTTCCTGTACGGCGGGGGAGGGGTTGTACTTAGCTGCCTAGAAGCAGCTGCAGCATTGTCAGGTAAGGCAGACTGCCTTCCTGGGGTGGAGGAGATGCCCTTTGGTCTGTTGAAAACTTCCTCACAGAGGGAACTGGGGGGACATGCTCTTGAGCCTCTGGATGATCTTGAAGGACATGGGGTCCAGGACTTCTGAAATGTCCTGCTGTTGTTCTTGGCTTACTCTCCTTGCTGTGTCCAGCTTGCCTACATGGGCTGTTGTGTGTTGCGGGCTGCATCAGAAGGTGACCCACCACTTCTACTCTTGTTTTAGGCAATGAGTGTATCTGCAAGACAGAGGTGCTGGTGCCTTGTCTCACTGTCCTGCCAGTGTATGTGCCCTAAGAAGAAGGCACCAAGCTGCATAAGAACTCTCCTATCCCTGACCATCTAGATATGGCCTTGCCCTTATGCCAGCTTTTCATGTTTGCTTGCTTAGTCTCCCTCACACCAGGCCTGTGAGAAGGCTTCCCTTTAAGCCATTTGTAGAGGCTATGAGAACTTGAGAATGCCATGGGAGCCTGTGCCTCACCCACCCTGGCTCTAGGCACCTACTTGGGTCCTTGCTTTATCAGCTTTTCTTCTTACCATGTCTTTTCTGTCGCTACTATGTTGTCTGAAATCGGCTTTTCCTCTCTTAAACCATGATGTTTAAGTGTTTTAGTTTGTTGTATGTTTTATTTGACTTCTCTTATTTTTAAAAAGTAATTACACATTAAGTTCTTTTTATTTCATGTTTCATATTTTAAGGTTTTCCTAATTTCTTAATTTTTGTTTGTTTTTTGTTTTGTTTTTTGTTTTTATATACTGTAGTGTTTTAACCAAACAGTTGTGGCTACTCATGGTGAGGAATGACCGCTAAGAGTGTGGGTTCTTTGCAATACATTTGGAGGTCACTGCTCCCCGTTGATGTTTAGGAGGTTGAGAGGTTTGCCCTAGGTAAGTGGTGGCCAGGGGGGTGTATCCCCTGGGTAAGTGTGGCCCTGTAGGATAACAGAGCTGGGGCACTGGGGGAGGCACAGCCAGAGGGCAAAATGCCCCCATTTTTACCAAAGGGTCACGATAGGCAGCAGAACGTGAAGAGGTGTGGAAATGAGTGGGACTCATACCTCTGGCTTCTTCCTGGCCTGCTTGGAATTTCTTTTTTACCCTTTACTGGGTGGCAGCAGCAGGCGTCTACATCTGGAAGGCACCTGGGTGACTCTGAAGAGAGGCAAACACAAGTGTTTTGAGAGCTACATCTCAAAGGCTCCATGTGAACCATGCTTGCCTCTTTTGGCACTCACAAGGAAAAGAAGAAAAAAATGTTTCTCCCTTGTCATACTGGGCAGAAGCTGGATCCAGATACAGAGCTACAATTTTGTTACAGAGCCGTTTTCAAGATGTCTGGACTGTGTGCTGGTGTAAGAGTTCTTGCCTCTGCCTTGCTGGCTAGGACTGAATTGTGTTTGGCTATGGGCCATTGTGGCCACTGTAGGATACAGAGCTGCATCCTTGAGCTGCACTCACTTGATGCCAGGAGCACCATCGAGTTCTGACAAGAAAGCTATCCTTTGCCAATAATTGTTTATTTAGAAATAAAGCAGCTTGGTAGATGAAGCCAGAACCTTGTCCTTTGAAGACTTGACTATGTCCAGTATTGAGAGACTCATGCTAGGGCCTGGCATCCACAGAACCAGTTCTGACCTCTGAGACCCAGGTGCACACTGTTGACTTGATAGCTCTGCATTTCCCCAGCTCTGTACAGAGCCACGTGCTTCTTTTCCTCACTCCACCCTGGTGAACATCCTTAGCCACAGAGCTCGTCTGAAGGCATGCTTTCGCTCTGAAAGACAAAACTCTAGAAGCCAGGACAGTGCATATGTGAGATGTTTAGTCATTTTCCTCGACCTTCACAACAGAGAAGCAAAAGGACCTGAAGGGCAGCTGTTGCCTGGTATAACCAGGGCACCTCCTCAGAGTCACGTGTCCTATACATGTGTCAATAGTAATTAATAGAGGGATGTTTGGGGACAATTTTTATTGCGACTGTCTAGCTTTATCCAGAAAGGGCACAAGAATAAAATGTGTGCTTCTTGTTTTATACTCTTCAGTTGAGTGCCTTTTTTCTACTCACAAGATTTATAAGGTTAGCAGCTGGCTTCTCTAAGAGTCTAAATTTCCTCCAGAACACTTCCCATTTTATTAAAGCAGAATTTGCATTGCTGTTCAGGACTAACCTTTGGTTTTGTCAATGTGTGAAAGAAGCATTCAGGATCTCCTTAGAGGGTCTCAGCCATAGAATCAGAGAAAATAGCTTAGTGTACAGCACACCTGGCCACCCAGTGCCAGATAGCAACTTCCTTATTCCTGGGTAGAGCCCTTTGCCCCATACTAGTCTGCCATTGGTTTCTGACTAGCCCACAACTGCAAAGATCACCCACTGTGTCTTCCACCATGTCCTATGTGTAGCATCATGTCACTCACGATTGTGCTGGACTGTCCTATGGCAGGTGTAAGCTGGAAATTCCATTCAGTGAGGTGGTGGCTGCTTCTGGAAAGTCAGGCAGCTGTGGGTGAGCATCATTGTTCAGGAGTAATTGGGCCAAAAAGAGAGTGCCTGCCTCTACAGGCAGGCACAGTGCTGTTTGTTTGTAACTGTGTAGCAGAGACACAGAGCCATGGGGCCTCCCTCAGCAGCCTCTAACCATGGCACTGTGGACTGCTGTGATATTCTTCCTTCTTTGTTTGGCTCTAG",8.77,1.77,47.0051687442992,"30957",TRUE,FALSE,FALSE,FALSE,FALSE,FALSE,FALSE,FALSE,TRUE
"12","C2cd5","MmuEX0002013","chr6:143019328-143019399",72,"chr6:143019921+143020324,143019196+143019328-143019399+143019429,143018073","C2",26.43,73.68,56.69,10.14,38.72,84.72,25.34,34.33,41.16,40.61,39.53,61.53,0.014,0.986,0.669590578464215,0.38834232584155,-0.281248252622664,"Not Shared","Underrepresented",1.85387196432176,1.85387196432176,FALSE,1.85387196432176,"CAACGTCAGTTGATTACAGTTCCTTTGCAGACAGATGCAGCAGCTGGATAGAGCTCATTAGACTGAAAGCTCAGACCATAAGGCGCGGATCAATTAAGACAA",9.64,5.3,45.0980392156863,"74741",FALSE,FALSE,FALSE,FALSE,FALSE,FALSE,FALSE,FALSE,FALSE
"13","Tbc1d9b","MmuEX0046524","chr11:50164162-50164212",51,"chr11:50163896,50164162-50164212,50168169","C1",23.79,15.18,18.59,46.99,42.47,13.58,42.74,48.25,40.62,33.28,21.06,10.44,0,1,0.136470119272941,0.404487109635503,0.268016990362562,"Not Shared","Overrepresented",Inf,2,TRUE,1.98873014596757,"CATCTCCTCTGGCCTCAGATCTGGATCTTTTCCTGCCCTGGGAGGCTCAAG",10.49,8.68,56.8627450980392,"76795",FALSE,FALSE,FALSE,FALSE,FALSE,FALSE,FALSE,TRUE,TRUE
"14","Ep400","MmuEX0016972","chr5:110740182-110740289",108,"chr5:110741970,110740182-110740289,110739681","S",40.74,33.33,42.86,64.91,28.81,48.78,39.53,17.39,20.75,33.33,35.06,46.84,0.008,0.992,0.463826882414101,0.22175475254471,-0.24207212986939,"Not Shared","Underrepresented",2.09691001300806,2,TRUE,1.96121409537736,"AGCAGTCTAAGAGACCTCGTCTTGAAGTGGGTCATCCAGGGGTAGTTTTCCAGCATCCAGGGGTGAATGCAGGAGTCCCTCTGCAGCAGTTAATGCCAACAGTCCAAG",5.23,10.57,52.7777777777778,"75560",FALSE,FALSE,TRUE,FALSE,FALSE,FALSE,TRUE,TRUE,FALSE
"15","Mapk8ip3","MmuEX0027854","chr17:24916504-24916629",126,"chr17:24917995+24918088,24916504-24916629,24914705","S",13.66,20.74,40.39,13.37,8.81,29.42,6.56,10.48,3.8,13.61,32.57,26.66,0.039,0.961,0.316497700056159,0.088351162672556,-0.228146537383603,"Not Shared","Underrepresented",1.4089353929735,1.4089353929735,FALSE,1.4089353929735,"TGTTTTAACCAAACAGTTGTGGCTACTCATGGTGAGGAATGACCGCTAAGAGTGTGGGTTCTTTGCAATACATTTGGAGGTCACTGCTCCCCGTTGATGTTTAGGAGGTTGAGAGGTTTGCCCTAG",6.22,9.66,46.8253968253968,"30957",TRUE,FALSE,FALSE,FALSE,FALSE,FALSE,FALSE,FALSE,TRUE
"16","Med15","MmuEX0028506","chr16:17663377-17663496",120,"chr16:17671545,17663377-17663496,17655805","C1",78.56,74.86,64.53,55.94,54.54,75.55,54.08,47.77,47.72,56.92,69.43,72.89,0,1,0.719748658565098,0.50687941799436,-0.212869240570738,"Not Shared","Underrepresented",Inf,2,TRUE,1.94431475796737,"ATGATTGCTGAAGCCTTGGCCCAAGGCGGGATGCACGTAAGAGCCCGGTTCCCGCCCACCTCCACCATGTCTGCTGGCCCGTCAAGCTCCATCTCTTTGGGCGGACAGCCCACAACACAG",6.81,7.51,61.6666666666667,"94112",FALSE,TRUE,FALSE,FALSE,FALSE,FALSE,TRUE,FALSE,FALSE
"17","Haus7","MmuEX0022401","chrX:73448192-73448350",159,"chrX:73448811,73448192-73448350,73447137","C3",86.47,83.94,85.11,60.36,63.64,72.63,69.81,60.66,71.79,61.34,84.48,90.59,0,1,0.850403024648997,0.63948925945904,-0.210913765189957,"Not Shared","Underrepresented",Inf,2,TRUE,1.95682517727837,"CCTGAAGGAACACCTTGAAGACACCACAGAGAAGAATGAGGCGTTGCTTGGGGAACTCTTCTCCAGCCCCAACCTGAGGGCAATTTTGAAACCTGAGAGTGACCCATGGCCTCTGGACATGCAGTCCTCTCTAAACAAGCAATCTGATGACCTGCCAAA",7.97,6.84,50.9433962264151,"73738",FALSE,FALSE,FALSE,FALSE,FALSE,FALSE,FALSE,FALSE,FALSE
"18","Haus7","MmuEX0022400","chrX:73448811-73448902",92,"chrX:73452999,73448811-73448902,73447137","C3",86.36,85.62,87.83,59.26,63.16,75.7,75,63.91,71.79,64.89,84.87,91.01,0,1,0.871807689435951,0.667402546558194,-0.204405142877757,"Not Shared","Underrepresented",Inf,2,TRUE,1.90350014094729,"GGCCGTGAGTGTCCCCAGAAGCAACTACAGTTCATGGACAAGATACTGGATATGATGCAGAGCCTGGCCACTGGATGCTCCAGTAGTTCTAG",9.2,6.93,52.1739130434783,"73738",FALSE,FALSE,FALSE,FALSE,FALSE,FALSE,FALSE,FALSE,FALSE
"19","Haus7","MmuEX0022402","chrX:73447960-73448056",97,"chrX:73448192,73447960-73448056,73447137","C1",86.36,82.81,83.33,58.88,61.38,73.74,68.93,60.98,71.05,60,84.48,90,0,1,0.834609464886581,0.633851375317169,-0.200758089569412,"Not Shared","Underrepresented",Inf,2,TRUE,1.94253911459818,"GGCTGACCCCTCTGCCCAGTCAGAGGGAGAAAAGGTGGCAGATCTGGCCAGGCAGCTGCAGGAGAGTGCTACTAAGCTTCAGACACTCCGAGACCAG",12.9,6.66,59.7938144329897,"73738",FALSE,FALSE,FALSE,FALSE,FALSE,FALSE,FALSE,FALSE,FALSE
"20","Mbd1","MmuEX0028065","chr18:74275907-74276071",165,"chr18:74275417+74275512,74275904+74275907-74276071,74276407","S",29.63,41.75,25,56.41,52,35.48,45.9,39.87,49.61,51.35,40.46,30,0.01,0.99,0.300355746079468,0.472542571019116,0.172186824939648,"Not Shared","Overrepresented",2,2,FALSE,2,"CAGCCCTACACGAACCAGCGGCAGAACCGCAAGTGTGGGGCCTGTGCAGCCTGCCTACGGCGGATGGACTGTGGCCGCTGCGACTTCTGCTGCGACAAGCCCAAATTCGGGGGTGGCAACCAGAAGCGCCAGAAGTGTCGTTGGCGCCAGTGCCTGCAGTTTGCCATG",5.54,6.18,63.6904761904762,"17190",FALSE,TRUE,FALSE,FALSE,FALSE,TRUE,FALSE,TRUE,TRUE
"21","Ep400","MmuINT0057800","chr5:110703619-110704881",1263,"chr5:110704882-110705068=110703452-110703618:-","IR",0,7.69,0,0,7.69,0,0,15.15,24.68,15.94,0,0,0.012,0.988,0.00851760731287182,0.179262462891978,0.170744855579106,"Not Shared","Overrepresented",1.92081875395238,1.92081875395238,FALSE,1.92081875395238,"GTAAGTAGAAGATTTAGAAAGATAGTTTAGAATTTCTAGTACTGTTTAGATACAATCCACATAGTTGTGTGGATCTTTTCCCAATCCCTCTTTCTAGCTTAGTAGTTCTCAACCTTCCTAATGCTACGGCTCTTTAGTAAACTTCCTCATTGCCGTGGTGATCCCAACTATAAAATTGTTTTTGTTACTATTTCATAACTGTAGTTTTGGTACTATAATATAGTCATAATATAAATATCTGTTTTCCAATGGTCTTAGGCAACCCCTGTGAAAGGGTCATTTGGTGTCCCCTGCTCCTTCCAAGGGGTTGCAGCACACAGATTAAGAACTGCTGCTCTAGCTCTTCCTGTCGAGTCACTGTATCTGTGGACCTCCCTGTTTTGGGCAGCTCACAGAACTGTATTTGGAGTCTTACACTTAGAATATTTTCATTCTCATTGTGATATATCAGGATGTCATTCCTTTGAAGGGCTAGATAACATTCTGCTGTGAAAGACCATGCTTTGTTTATCCTTTGGTCAGTTGATGCATACCTAGGTGGTTTCCACTTGTGACTATTGTTAGTATAGCTGATGAACACTCCTACAGTTTGGGGTTTCCTGTTTTTGTGAGTGCACTTCAAGTGGAGTTGCTGGCTAATGTAGCCACTTCGTCTACTTTTTAAAGGAGCTGCCAACTATCCCACTGCTGTTGAACCACCTGACTTGCCCTAGCAGCACAAGGGCATCTGTGACTCACTTCCTCTCTTTCATTCTTTTCAGTGTGATGCTGCTTTTCTTGTTTTCTCAAGTTCTGAGAAATAAATATTAGTGGTGCTGTGGAAAGCAAGACACTTGCTTTTGCCACTGTCATGGTCATGACTGATGCCCTTTAGTAGTAAGTAGTGTCTACACAATGAGTGATACAGGGATCACCACCACACAGTGACTAGCATGTGTGACTAGCACATAGAGCCAACACCTGCCCTCCTTTTTCTTGGGGAAGACTGCTGTTTATTCCTGCACTGTTCAAATGATGACTGGTTGGTTGCATCTGCTCCTCTGCCACTCCAGGTTGTCACATGATGCTAAGGAGGGCCCAGATAGCTGTTGTCCCCCTGTGAAAGGAGATCTGTCCTGAGCATCAGAAGGCTTACCACACCATATAAAACAGCCTCTTCAGTTGATTCCTGCCTTGTAGCAGATTTTGCCTCTTGGTCAAGTGTTTTCCTCTGCCACCTATTACAGAACGTTTTCTTCTTTTTTTATTTCTGTTTCTTCTTAG",11.1,11,42.2802850356295,"75560",FALSE,FALSE,TRUE,FALSE,FALSE,FALSE,TRUE,TRUE,FALSE
"22","N4bp2l2","MmuEX0030701","chr5:150647001-150647077",77,"chr5:150647460,150647001-150647077,150643315","S",65.78,72.74,81.06,83.81,56.08,86.52,62.94,70.85,58.79,65.86,65,78.45,0,1,0.824362810237432,0.657581192987994,-0.166781617249438,"Shared","Underrepresented",Inf,2,TRUE,1.99591409375425,"GCCATAGGAAAAGGATACAGAGTAGAGTTTCATGAACCGGAAACTTGGTGGAAGTTTGATCCTGAAGAATTAGAAAA",11.01,6.91,38.961038961039,"381695",TRUE,FALSE,FALSE,FALSE,FALSE,FALSE,TRUE,FALSE,FALSE
"23","Brd4","MmuEX0008207","chr17:32253041-32253200",160,"chr17:32284518,32252997+32253037+32253041-32253200,32229735","S",26.47,28.99,20.67,33.33,40.16,23.68,40.74,37.19,36.62,37.61,28,23.81,0.001,0.999,0.225568266114984,0.368967249673353,0.143398983558369,"Not Shared","Overrepresented",3,2,TRUE,1.9388164405711,"CCAACAAGATAGCTGTGTTCCAGTTTTGTTCAAAACTACTAGTGAAGAAGTCCTCCTCTCCTCTCATTCCCATATCTGCTTTCCGTCTGGACACAACATTGGGTCTAAGAAAATCAGCTCACCAGGCTGTGACCACTGAATCACATTGGAGTTCTCTGTA",8.48,5.8,44.375,"57261",FALSE,FALSE,TRUE,FALSE,FALSE,FALSE,TRUE,FALSE,FALSE
"24","Arhgef11","MmuEX0005962","chr3:87698765-87698902",138,"chr3:87698064,87698765-87698902,87702158","S",91.49,100,81.25,92.59,71.79,91.18,87.76,96,95,100,84,75.51,0,1,0.830773414266179,0.970956878770333,0.140183464504154,"Not Shared","Overrepresented",Inf,2,TRUE,1.92807821093593,"TCATTGGTGAATCGGAACTCAGTATTGTCAGATCCTGGACTAGACAGCCCACAAACCTCCCCTGTAATCCTGGCCAGGGTGGGCCAGCACCACAGGCGACAGGGCTCAGATGCAGCGGTGCACCCCCTCAACCACCAG",3.96,9.22,58.695652173913,"213498",TRUE,FALSE,FALSE,FALSE,FALSE,FALSE,FALSE,FALSE,FALSE
"25","Slc20a1","MmuINT0145115","chr2:129204156-129206366",2211,"chr2:129204059-129204155=129206367-129206486:+","IR",2.2,6.36,0.53,3.33,0,1.68,8.51,13.64,17.65,13.73,3.08,4.04,0.012,0.988,0.0147358599647064,0.142114399261795,0.127378539297089,"Not Shared","Overrepresented",1.92081875395238,1.92081875395238,FALSE,1.92081875395238,"GTAAGTACAAATCAAGATGCTTAAATGTGAATTTTAGGTTATTTACAAAACTTTCATTAAATGCCCAATTTACCCCTTTTTGCTTTACAGGGCTGAAATCTCCTAGAAGGTGGCTGGCCTGCATCCATTTCAGAAGGCTGCAGGCTAGTGTATGCTGAGTTAACCTAGATAGGTTTTCAACCAGAGAGACCTGCTCACATTCTAAATCACTCCAGACCTTTCCTCCTTAGTCTTCACAGGATCCACTGATAATATGACCTTCTCCCTCCCTTTCTTGTGTCTATGCTAACAATGCTGGAAATGATGCTGGCCTCAACTACTGAAGAGTCATTAGTTAAATCTGCTCTTCAGTAATCAGCCACTTAGAGCCGCTTGTTAGATGTCATTTTTCTCTCCCAGTTGGAGCCATTTCGTTTTCTAAAGTTCTCAGTTTGCCCCCCTAAACTGACTTGAACGAGAAGAGTTGGGATGTGTAACTCCTGGTCTAATTAATTACACTTGGAAGAAGAATGTCCGCAGCTAGGAGAAAGCACTTGAGAGGAATATAAAGGCTCTGGTGTTGATTGCTTTCATATGGGGACTAAGGGAAGGCAAGGATTCAGTTGTCTACTGAGAGATGGATAGATTGGAGCTCGTGAGGCAGAGCAGCACGGTTGTGGCATCTGGGCTCATGTGACTTGCTGGGTCTTAACTACGCAGGACCCGAGGCGTCCCTACACTCATTCCTCTGACTGCTGCCCAGGGCACACTGTGTCTGTGTAAACAGGACTGAAGTAGCAAAGTGATTGTCCTTATGTTATGTGTGCTCTCATCCTCAATTCTTAAAGGATTTTCATGCTTGTGACCGCCAAGTAGGTCCCGCCTCTGGTTCATGGATTGTGACCTGTGTATTATTACCACTGAAATGATGTAGTAAGTCACCGAACAAAACAAAACAGCAGGGTATTTCTCACATTGTCGTTCTTGAAATGTCATTAAAGAAACACAGGATGGGACCAGCCTTGGTGTGGGGGAGGGGGGGCCTTGCTTCTTTTTTTTTTTTTTTTTTTTTTGCCCTATAAGATTGTTTCTAAGAAAACCCAGTCCTTTCGTTCCCCCTTTTGACTTGGAATGTAGACAAACTTAAACTGATAAACACTAATTAGACCTCATGGATATTTTACTTTGTGGACATAACTGCCTAGTCACAGTTGAAAGCAGAACTTAAAATGAAAAGACCGGCAGATAGAAAGAACTTCAGGACTGAAGGATTTCAGCTTATGTCTGATTGATTCTTAAAGGCTACTTCTTAGTATATTCTGTCTCTTTTACGGTGCTAGGGATTGAATCTAAGGCTTTGTGCAAGCTAGGCTGAGCTGCGGTCCCGACATAAATAGTTTTGACAGTACAGTAATGTTCCCATTTTATAAGTGACTTACTATGCAGTAAGCAAAATCAAGTGAGACAAGCACAAGTGACTTTGCTGGGGGAAGGGACATTCAGACAGTGGCCTGGGATTCAGTGCTGTGAATGGTCTCCACTCTAGGATACGCCAGCAGTCCCTGTTGCCTGTGTGCAAGCTGACACTTGCCAGTACTGCTGATCCTGAGGTCATTGAGCCAAGGGGAAAGAACTGGAGGACAGGTCTCTCTGCCTTGTTACTGAACTACCACTAAACTTGTCCTGTGTGAAAGGCAACATTTAAGCAAGTGTCTTCCCGTAGTTAATAACCCTATTTTCTGTTAGCTTGATGATGCTTTTGTGGAGAGATGCAGTTCCCCCAAGAGCTGCCTGGTACAGTCAGTGTAGTAACTTTCCTTTACAGTGTGTGGTGTCTGCGTGACACTGACTTGAGACACTCCCTTTATTAAAATAAGTCATATGTAAATGTAATGTGGGGCAGTTAGGATGAGGAGCTGAGTGCAGAAAAGGATGCTGTGATTGGTTTTATAGTTATAGGTCCTTACTGTAGCGATTCTTGAAGAAAGTTAGCACATGAGTCCAGCAAGTGTTTCAGTGGCTTTGGTTGCTGTGGGTTTAAGATGTTCATTCACGTTTTCTCCATGGTCTGCATAGCCAGTAGCCTGATGAAACTCTGGAATGGCAGCAGCTGAAACGGGTGACGGTGACGGGCTGGCTTGGGGAAGCCCTCCTTCCCCTCAGGAGGGTTTACACATTGTTGCAGGGGGCTGTTGCCCTGGGGTTTTCAAGATGCACCATTTTATCTCGTAG",6.79,8.58,44.1881501582994,"20515",FALSE,TRUE,FALSE,FALSE,FALSE,FALSE,FALSE,FALSE,FALSE
"26","Setd5","MmuEX0041848","chr6:113109424-113109616",193,"chr6:113106141,113109424-113109616,113109885","C2",26.92,15.38,36.59,28.26,29.17,37.66,37.78,45.83,55.1,30.67,48.39,20.43,0.049,0.951,0.329352342043735,0.453774058439991,0.124421716396256,"Not Shared","Overrepresented",1.30980391997149,1.30980391997149,FALSE,1.30980391997149,"GGTATCCTGTCTTGGTAGTGAATGGAAGAGGGCCTGGTCCCTGGGGCAGTGCAGAAGGCACTTTCATCATCTCACTCACTGCAAATGTCATGTGAGGTTTCATGGAAGTATTAAGAGATCCAATTAAGAAGAATAGTTCTGAGTCTAAACCAGCCCAGAGTGGCTTCTCTAGGGGAAACTCCCCGCTCTGCTG",9.81,9.57,48.7046632124352,"72895",FALSE,TRUE,FALSE,FALSE,FALSE,FALSE,FALSE,FALSE,FALSE
"27","Pld2","MmuEX0035655","chr11:70544128-70544277",150,"chr11:70543095,70544128-70544277,70551129+70551180","S",80.33,81.19,87.14,62.11,74.28,89.4,62.19,80.72,70.68,72.87,78.64,82.79,0.028,0.972,0.869839507084876,0.745425071811096,-0.124414435273781,"Not Shared","Underrepresented",1.55284196865778,1.55284196865778,FALSE,1.55284196865778,"GTCCCTGATTCTCAAATGCAGCAGCTACCGGCAGGCACGGTGGTGGGGCCAGGAGATCACGGAGCTGGCACAGGGTTCGGGCAGAGATTTTCTACAGCTACATCAGCATGACAGCTATGCCCCACCCCGGCCCGGCACCCTGGCCCGGTG",7.86,5.46,63.3333333333333,"18806",FALSE,FALSE,FALSE,FALSE,FALSE,FALSE,FALSE,FALSE,TRUE
"28","Elk4","MmuEX0016684","chr1:132017593-132018462",870,"chr1:132014598,132017593-132018462,132019350","S",88.59,100,100,80.97,100,95.56,92.39,77.44,89.12,85.13,100,94.12,0.002,0.998,0.969070412630584,0.848147637088835,-0.120922775541748,"Not Shared","Underrepresented",2.69897000433602,2,TRUE,1.93170106075704,"AACATCATTAAAAAAGTGAATGGTCAGAAGTTTGTGTACAAGTTTGTCTCCTATCCAGAGATTTTGAAAATGGACCCACTGACGGTAGGCAGGATTGAGGGAGACTGTGAAGCTTTAAATTCCATTGAAACCAGCAGTTCCAAAGATGTTGAGTATGGAGGAAAGGAGAGGCCACCTCAGCCTGGAGCCAAGACCTCTAGTCGCAATGACTACATACACTCTGGTTTGTATTCTTCATTTACTCTTAACTCTCTGAACACCTCCAATAAGAAGCTTTTCAAGTCAATAAAGATAGAGAATCCAGCGGAAAAACTAGCAGAGAAGAAAGCCCAGGAGCCAACACCGTCCGTCATCAAATTTGTGACAACGCCTGCCAAAAAGCCGCCCATCGAGCCTGTCGCTGCTGCCTTTGCAACGAGCCCTAGTCTTTCTCCATCTTCTGAAGAAACTATCCAAGCTTTGGAGACATTAGTCTCTCCCACACTACCTTCCCTGGAAACCCCAGCCTCCATATCCATTCTGGCTACCACCTTTAACCCCACTCCTCCGGTTCCATCCACACCCCTTCCTCTAAAGGAGCCTCCCAGGACACCTTCTCCACCACTGAGTTCTAACCCAGACATTGACACAGACATTGAGTCAGTGGCTTCTCAGCCAATGGAACTTCCAGAGAACTTATCACTGGAGCCTAAAAATGAGGATTCAGCTTTGCCAGAAAAGGACAAAACAAATAACTCATCAAGATCTAAGAAGCCCAAAGGGTTAGAACTGACACCCGCCCTTGTGGTCACAGGCAGTGACCCCAGCCCCTTGGGGATCCTAAGCCCATCTCTCCCGACAGCGTCTCTTACACCAGCACTCTTTTCACAG",10.62,6.52,47.5862068965517,"13714",FALSE,FALSE,TRUE,FALSE,FALSE,TRUE,TRUE,FALSE,FALSE
"29","Med15","MmuEX0028502","chr16:17680549-17680761",213,"chr16:17683159,17680549-17680761,17674658","S",65.84,73.17,67.66,70.41,82.95,78.5,83.54,86.9,88.08,68.7,75.4,73.2,0,1,0.734357782316265,0.854826696090139,0.120468913773875,"Not Shared","Overrepresented",Inf,2,TRUE,1.98053931458853,"ACCCCATGAATGCACTGCAGAGCCTTACTGGTGGACCCACCCCAGGAGCAGCTGGGATTGGCATGCCTCCTCGGGGCCCAGGACAGTCCCTGGGTGGGATGGGTGGCCTTGGCGCTATGGGACAACCACTGCCCCTCTCCGGGCAACCACCCCCTGGAACCTCTGGAATGGCCCCTCATGGCATGGCTGTGGTGTCTACAGCAACTCCACAGA",11.73,7.36,63.3802816901408,"94112",FALSE,TRUE,FALSE,FALSE,FALSE,FALSE,TRUE,FALSE,FALSE
"30","Camk2g","MmuEX0008983","chr14:20757666-20757728",63,"chr14:20760144,20757666-20757728,20755702","S",34.52,36.05,29.79,28.08,22.39,21.28,33.33,31.86,37.31,33.33,27.5,20,0,1,0.228798218872991,0.341229621495615,0.112431402622624,"Shared","Overrepresented",Inf,2,TRUE,1.94470103858039,"TTGGCAGGCAGAGCTCCGCCCCCGCCTCGCCTGCCGCGAGCGCCGCCGGCCTGGCCGGGCAAG",3.13,10.75,80.9523809523809,"12325",FALSE,FALSE,FALSE,FALSE,FALSE,FALSE,FALSE,TRUE,FALSE
"31","Med15","MmuEX0028505","chr16:17671545-17671673",129,"chr16:17673069,17671545-17671673,17655805","C2",86.98,82.13,77.59,76.75,81.97,80.48,78.17,73,66.04,71.87,79.2,91.22,0.001,0.999,0.814878923745463,0.703834842674399,-0.111044081071065,"Not Shared","Underrepresented",3,2,TRUE,1.90316114022862,"GTCCGTGCTCCGATGGTGGTCCAGCAGCCGCAAGTGCAGCCCCAGGTGCAGCAGGTGCAGCCCCAGGTGCAGCCGCAGGCAGCAGTGCAGGCAGCACAGTCTGCCCAGATGGTAGCTCCCGGCGTCCAG",11.22,10.07,68.9922480620155,"94112",FALSE,TRUE,FALSE,FALSE,FALSE,FALSE,TRUE,FALSE,FALSE
"32","Mef2d","MmuINT0097578","chr3:88168345-88168631",287,"chr3:88168038-88168344=88168632-88172086:+","IR",41.85,49.3,51.79,35.59,34.17,48.93,38.5,44.7,40.66,37.97,45.44,53.71,0.002,0.998,0.514979298386014,0.408296746591273,-0.106682551794741,"Not Shared","Underrepresented",2.69897000433602,2,TRUE,1.99629018635023,"GTACTGTAACATTGCCCTTCTGTCTGCCGGTGTCTGCGTCACCCAGGGATGCCCCACATGCACTCAGCCTGTTTTCTTTCCCACCTGAGGCCTTGTGGCCAGGCATTTCTTTGGGTCAGTACTCACAGCCCTCGACCCCTTCCTGCAGCACTGTCCCCTGCTCAGTGACCTCCAGCTAGCCTCGCTCGCTCGCTCGCCCTAGAGTGTTACCCCTTGGGAGAGGGTTGGGTGCATCCTATAGGCCACATTGCCCCTCACACCACCTTCTCCATCTCCTTTCTTCACAG",10.59,2.97,58.1881533101045,"17261",FALSE,TRUE,FALSE,FALSE,FALSE,TRUE,TRUE,TRUE,FALSE
"33","Sfi1","MmuEX0041918","chr11:3134318-3134501",184,"chr11:3134626,3134318-3134501,3133207","S",100,100,100,100,75.66,100,89.05,83.6,100,82.02,100,100,0,1,0.991400139540469,0.886609728605958,-0.104790410934511,"Not Shared","Underrepresented",Inf,2,TRUE,1.92424637554213,"GTTAGAGAAGCCCCCAGAGGAGGAAAGCACGGCTCTGCTGGGAGGCTCTTCCCTGACAAGACCCTTCCTACCTGGGGTCCTGCCGAATGTTCCTGGTCCGAAGCTGCCTCCTACGGCCAGTCCAGGCCTGGAGCTGCTGCCTCCCTCCTCCATCATGCCCCATGCGGCAGGAGGCACTGCTAGG",6.6,9.25,63.5869565217391,"78887",FALSE,FALSE,FALSE,FALSE,FALSE,FALSE,FALSE,FALSE,TRUE
"34","Midn","MmuEX0029010","chr10:80153591-80153719",129,"chr10:80151723,80153517+80153591-80153719,80153816+80154013","S",27.92,31.64,38.19,25.33,29.01,37.21,23.82,19.38,25.55,29.95,24.26,26.24,0.001,0.999,0.355817052201605,0.252225594133023,-0.103591458068583,"Not Shared","Underrepresented",3,2,TRUE,1.96111324566882,"CCCCCAGCGACACCCGGGCCAGGCCGGGCTGCCGGAGGAGGCTTCCGGAAATACAGATTGATTTTATTTAAGCGTCCGTGGCACCGACAGGGACCCCAGAGCCCAGAGAGGGGCGGCGAGAGGCCCCAG",10.25,2.22,66.6666666666667,"59090",TRUE,FALSE,FALSE,FALSE,FALSE,FALSE,FALSE,FALSE,FALSE
